County;2015 NCHS Bridged Pop: total pop;2015 NCHS Bridged Pop: Percent <18;2015 NCHS Bridged Pop: Percent +65;2015 NCHS Bridged Pop: Percent White;2015 NCHS Bridged Pop: Percent African American;2015 NCHS Bridged Pop: Percent Other;2015 NCHS Bridged Pop: Percent Hispanic;Percent Low Birth Weight: 2001-2005;Percent Low Birth Weight: 2006-2010;Percent Low Birth Weight: 2011-2015;Percent Very Low Birth Weight: 2001-2005;Percent Very Low Birth Weight: 2006-2010;Percent Very Low Birth Weight: 2011-2015;Preterm Births : 2001-2005;Preterm Births : 2006-2010;Preterm Births : 2011-2015;C-Section Deliveries : 2001-2005;C-Section Deliveries : 2006-2010;C-Section Deliveries : 2011-2015;Teen Birth Rate: 2001-2005;Teen Birth Rate: 2006-2010;Teen Birth Rate: 2011-2015;Repeat Teen Birth Rate: 2001-2005;Repeat Teen Birth Rate: 2006-2010;Repeat Teen Birth Rate: 2011-2015;Infant Death Rts: 2001-2005;Infant Death Rts: 2006-2010;Infant Death Rts: 2011-2015;Youth death rates: 2001-2005;Youth death rates: 2006-2010;Youth death rates: 2011-2015;Age-adjusted CVD Dth Rates: 2001-2005;Age-adjusted CVD Dth Rates: 2006-2010;Age-adjusted CVD Dth Rates: 2011-2015;Age-adjusted Heart Dz Dth Rates: 2001-2005;Age-adjusted Heart Dz Dth Rates: 2006-2010;Age-adjusted Heart Dz Dth Rates: 2011-2015;Age-adjusted Stroke Dth Rts: 2001-2005;Age-adjusted Stroke Dth Rts: 2006-2010;Age-adjusted Stroke Dth Rts: 2011-2015;Age-adjusted Cancer Dth Rates: 2001-2005;Age-adjusted Cancer Dth Rates: 2006-2010;Age-adjusted Cancer Dth Rates: 2011-2015;Age Adj Colon/Rectum Cancer Dth Rts: 2001-2005;Age Adj Colon/Rectum Cancer Dth Rts: 2006-2010;Age Adj Colon/Rectum Cancer Dth Rts: 2011-2015;Age-adjusted Lung Cancer Dth Rts: 2001-2005;Age-adjusted Lung Cancer Dth Rts: 2006-2010;Age-adjusted Lung Cancer Dth Rts: 2011-2015;Prostate Cancer Incidence Rates: 1999-2003;Prostate Cancer Incidence Rates: 2004-2008;Prostate Cancer Incidence Rates: 2009-2013;Breast Cancer Incidence Rates: 1999-2003;Breast Cancer Incidence Rates: 2004-2008;Breast Cancer Incidence Rates: 2009-2013;Age-adjusted Diabetes Dth Rates: 2001-2005;Age-adjusted Diabetes Dth Rates: 2006-2010;Age-adjusted Diabetes Dth Rates: 2011-2015;Age-adjusted Unint. MVA Dth Rts: 2001-2005;Age-adjusted Unint. MVA Dth Rts: 2006-2010;Age-adjusted Unint. MVA Dth Rts: 2011-2015;Age-adjusted Other Unint. Inj Dth Rts: 2001-2005;Age-adjusted Other Unint. Inj Dth Rts: 2006-2010;Age-adjusted Other Unint. Inj Dth Rts: 2011-2015;Age-adjusted Suicide Dth Rts: 2001-2005;Age-adjusted Suicide Dth Rts: 2006-2010;Age-adjusted Suicide Dth Rts: 2011-2015;Age-adjusted Homicide Dth Rts: 2001-2005;Age-adjusted Homicide Dth Rts: 2006-2010;Age-adjusted Homicide Dth Rts: 2011-2015;PCP's per 10,000 pop: 2004;PCP's per 10,000 pop: 2009;PCP's per 10,000 pop: 2014;Dentists per 10,000 pop: 2004;Dentists per 10,000 pop: 2009;Dentists per 10,000 pop: 2014;RNs per 10,000 pop: 2004;RNs per 10,000 pop: 2009;RNs per 10,000 pop: 2014; Phys Assts per 10,000 pop: 2004; Phys Assts per 10,000 pop: 2009; Phys Assts per 10,000 pop: 2014
North Carolina;10042802.0;0.228080569546;0.151035935987;0.646523948197;0.220567925167;0.0416246382235;0.0912834884129;9.0;9.1;9.0;1.9;1.8;1.7;11.3;8.6;10.0;27.7;31.2;30.0;49.0;45.0;28.8;28.7;27.1;23.3;8.5;7.9;7.2;75.2;67.8;57.8;314.9;251.9;221.9;227.6;186.0;163.7;65.3;48.3;43.1;195.7;182.4;169.1;18.3;15.8;14.0;59.0;55.5;48.9;163.4;163.5;130.6;152.6;154.7;157.9;27.5;22.5;22.8;19.4;16.7;13.6;26.1;28.7;30.5;11.6;12.0;12.7;7.2;6.6;5.8;8.64379640303;9.16376146936;8.58475859247;4.23722380086;4.36232562155;4.70277998494;90.6950425182;96.9133322178;105.484530506;2.91747107347;3.67808104568;4.81228714546
Carteret;68879.0;0.182595566138;0.225642067974;0.871223449818;0.0638946558458;0.0202529072722;0.0446289870643;7.8;7.2;7.6;1.5;1.1;1.3;10.3;8.1;10.9;30.4;35.6;35.7;41.6;38.4;24.8;22.1;19.1;19.7;7.5;6.4;7.1;68.2;49.5;47.4;332.7;256.2;221.4;249.9;196.2;175.0;64.7;46.8;34.2;212.2;199.8;172.2;17.0;14.2;14.5;66.1;65.8;49.8;199.3;160.5;105.2;155.4;168.1;149.4;20.2;16.4;16.4;20.3;17.2;10.0;37.2;37.3;39.1;20.6;15.4;17.7;2.8;3.6;2.6;7.19871731946;7.57060750263;6.77721701514;6.21707404862;5.87108336938;7.20980533526;71.0055299238;79.5686298745;90.5551550108;2.7813226007;3.86255484828;4.61427541456
Cleveland;96879.0;0.220656695465;0.175383726091;0.740614581075;0.213782140608;0.0132639684555;0.0323393098608;9.7;9.8;9.9;2.1;2.0;2.1;12.0;10.0;10.9;29.9;32.8;29.5;60.7;55.7;38.5;30.7;31.4;21.0;9.6;8.4;9.1;75.7;57.8;69.6;366.6;314.7;279.2;278.4;234.2;210.0;63.1;56.8;55.3;199.7;193.8;201.7;22.1;21.1;20.4;61.0;65.7;58.1;169.1;163.9;151.6;135.9;130.5;152.3;32.4;25.2;31.8;21.2;20.6;15.6;32.3;43.8;42.4;13.1;15.6;16.1;15.3;8.0;4.1;7.61444511;8.11046452686;7.96568627451;3.3503558484;3.14280500416;4.08496732026;81.4237997096;95.7034814169;111.315359477;1.522889022;2.02761613171;2.55310457516
Chatham;70928.0;0.198990525603;0.249774419129;0.724608053237;0.12841191067;0.022952853598;0.124027182495;8.8;7.4;8.6;1.5;1.3;2.1;11.4;8.7;9.4;26.0;28.5;27.7;49.5;43.4;23.3;30.0;27.4;21.5;7.7;5.9;9.6;85.3;58.9;49.1;253.8;205.1;155.1;182.2;148.3;112.4;56.6;44.2;35.3;171.3;148.4;134.3;16.3;12.7;10.3;48.2;41.9;36.1;168.6;178.9;106.2;181.2;163.9;171.7;22.2;23.3;19.2;30.8;21.8;15.0;21.0;23.4;19.5;9.0;11.2;12.6;6.3;6.3;4.0;5.85597950407;5.60071689176;3.49217897417;1.82999359502;2.40030723933;1.89159694434;41.3578552475;43.0455098253;40.5965805748;0.731997438009;0.320040965244;1.0185522008
Bladen;34318.0;0.215280610758;0.193979835655;0.550440002331;0.343988577423;0.0267789498223;0.0787924704237;10.2;9.8;10.3;2.3;2.0;2.3;11.5;8.1;10.6;29.0;38.0;37.8;65.1;55.5;37.4;27.1;22.9;20.0;12.3;9.2;9.5;97.9;87.1;78.7;432.9;341.1;308.7;303.1;255.1;247.1;96.4;64.3;43.2;218.3;188.2;155.8;20.2;17.7;15.3;66.1;59.6;53.3;146.8;137.3;103.9;138.3;131.3;97.8;48.3;39.5;38.6;37.2;38.1;31.3;28.6;33.4;39.2;13.1;10.5;12.1;10.3;13.3;8.3;5.73688819107;4.36871996505;5.41110130151;1.5097074187;2.18435998253;1.70876883206;47.706754431;53.0487424328;54.1110130151;2.11359038618;3.12051426075;1.9935636374
Bertie;20199.0;0.18139511857;0.201297093916;0.352492697658;0.618099905936;0.0118322689242;0.0175751274816;13.4;13.0;12.9;4.5;3.2;2.6;15.4;10.5;13.7;23.4;28.6;33.8;59.0;64.1;40.0;26.4;25.6;23.5;14.6;17.1;12.2;109.9;131.0;71.6;380.7;276.4;254.2;254.6;182.4;179.1;80.1;53.5;43.9;226.2;207.6;166.5;29.0;25.5;14.1;67.1;51.9;46.4;248.1;177.0;145.6;153.3;153.1;158.4;60.1;49.5;57.7;45.2;44.6;24.6;27.7;23.5;29.7;7.5;8.6;10.2;5.6;6.8;3.5;5.06380392951;4.47672105054;2.91021972159;1.0127607859;0.49741345006;0.485036620265;51.1444196881;56.7051333068;61.5996507736;3.03828235771;4.47672105054;2.42518310132
Cumberland;323838.0;0.255893378788;0.113096671793;0.458587318351;0.379983201477;0.0488762899969;0.112553190175;9.6;10.1;9.9;2.4;2.1;2.1;12.5;9.5;10.9;25.4;27.6;26.5;57.8;55.1;37.6;27.2;25.2;24.4;11.3;9.7;8.8;94.7;89.3;87.4;371.0;285.5;253.7;280.8;214.7;193.5;60.9;49.4;41.5;201.6;197.0;181.3;19.0;16.5;15.3;62.0;60.3;53.0;163.6;152.4;140.5;140.4;160.6;150.8;41.8;35.2;29.2;20.4;18.2;16.5;22.4;22.9;32.4;11.9;13.0;14.1;9.9;9.6;10.6;6.83731052946;7.31811373283;7.68056150065;3.59520553662;3.73690914017;4.76619824349;70.0102078157;82.7725374547;90.9827779346;4.4298068219;5.88563189577;7.61984559946
Rutherford;66390.0;0.210935381835;0.199533062208;0.84652809158;0.103449314656;0.00956469347793;0.0404579002862;9.3;8.6;8.4;1.4;1.8;1.4;10.2;7.6;8.9;27.4;30.3;32.1;66.1;53.9;42.7;30.2;27.3;21.1;10.6;6.5;7.4;78.9;61.3;59.7;372.8;326.8;282.2;248.1;223.5;195.9;73.5;57.2;58.8;192.3;205.1;172.0;23.1;21.5;21.6;52.0;65.9;47.8;138.4;148.2;106.2;139.4;161.2;145.4;18.5;20.8;27.3;24.1;18.2;17.0;36.4;39.7;39.7;19.0;14.1;19.7;9.3;3.6;5.6;7.04655423498;6.57946267721;5.62080288732;2.81862169399;2.50646197227;2.81040144366;66.8639701852;69.5543197306;83.1287163861;1.25272075289;1.56653873267;2.51456971275
Transylvania;33211.0;0.163710818705;0.288970521815;0.910421245973;0.0457378579386;0.00990635632772;0.0339345397609;7.3;8.2;8.7;1.0;1.2;1.5;9.3;7.6;9.9;22.0;29.8;32.0;37.5;40.1;25.6;25.7;24.2;14.0;9.6;6.7;6.6;55.2;68.3;61.4;246.7;201.5;171.8;178.5;151.2;128.1;54.5;39.0;31.4;170.3;133.2;142.1;11.3;11.4;11.2;46.0;36.2;39.0;178.8;155.0;109.3;139.3;153.9;132.2;22.3;11.4;14.8;20.0;17.4;11.2;35.9;42.6;43.3;13.7;17.4;20.4;2.6;6.2;3.0;9.06070673513;11.8990191349;9.87196362331;3.35581730931;3.5375462293;3.2906545411;71.4789086882;77.182826821;81.0697618763;1.67790865465;1.28638044702;3.2906545411
Forsyth;369019.0;0.23622631897;0.147469371496;0.581747823283;0.263398361602;0.0281719911441;0.126681823971;9.9;10.4;10.4;2.1;2.2;2.2;12.9;9.6;11.9;22.3;26.5;26.7;48.9;45.0;28.3;30.0;29.1;23.4;8.9;10.5;8.4;78.6;85.6;64.7;279.5;215.3;203.3;194.1;149.8;145.2;65.5;49.4;42.8;199.6;187.2;174.9;18.9;15.5;12.7;58.8;55.8;52.2;175.8;170.2;155.0;164.1;161.7;171.4;29.0;20.2;22.8;12.4;11.5;11.6;23.4;26.6;31.8;10.4;11.3;11.1;7.1;6.3;4.8;13.173756882;14.0591609493;14.2759877885;5.93440463319;5.23000787313;5.43585688871;160.943539266;173.490046114;188.278315873;7.30149261151;7.50759194691;10.9266214228
Iredell;169866.0;0.236221492235;0.149188183627;0.772614884674;0.124091931287;0.029217147634;0.0740760364052;8.9;8.9;8.3;1.7;1.7;1.6;10.9;8.1;9.9;28.5;33.5;33.4;49.9;43.4;26.3;25.3;25.1;24.2;7.7;7.1;7.2;74.9;53.8;55.5;333.1;289.1;239.3;249.6;218.3;170.1;65.0;53.7;52.4;188.9;185.9;172.0;18.7;16.6;16.1;56.7;54.2;49.6;163.1;178.5;138.8;138.2;146.2;164.7;26.0;22.1;21.8;21.5;17.3;15.5;27.4;30.1;34.9;11.4;10.9;12.4;5.1;4.4;3.5;7.40539787516;8.85130445303;8.13606370059;4.76585011768;4.96691904559;5.32433580406;108.001495744;103.732193914;97.3934684159;2.05298158915;2.6744948707;3.9483838547
Union;222742.0;0.2803826849;0.116462095159;0.739393558467;0.120780993257;0.029693546794;0.110131901482;7.3;7.6;7.9;1.3;1.4;1.2;9.1;7.5;9.1;26.4;30.4;30.6;44.5;35.4;17.2;27.4;26.3;20.8;6.7;6.5;5.3;62.0;46.5;37.3;317.0;234.0;216.0;233.0;172.7;168.5;62.2;45.4;37.5;189.0;166.6;152.1;16.9;15.8;13.4;59.3;50.7;42.8;135.6;155.1;115.9;141.9;152.9;164.9;25.8;18.9;15.3;21.1;15.1;12.2;19.1;23.1;19.0;8.5;11.3;10.5;3.8;4.8;2.8;4.29400516622;4.88900432371;4.67737677891;2.01281492167;2.08801226325;2.91757165417;44.6173974303;44.7140187106;58.768229034;1.47606427589;1.32410533767;1.99135843062
Hoke;52671.0;0.28566004063;0.0863093542936;0.42492073437;0.341364318126;0.10937707657;0.124337870935;9.4;8.7;9.8;2.1;1.5;1.9;12.7;8.9;11.0;25.9;28.0;25.7;77.2;61.4;39.5;27.7;31.0;24.5;10.8;6.4;6.5;96.6;65.5;61.9;367.6;299.0;257.6;271.6;241.6;201.6;57.4;40.5;38.2;240.3;202.1;168.6;16.7;18.6;8.9;78.9;73.8;57.6;174.9;184.8;155.3;129.8;147.9;128.1;43.9;25.1;30.4;31.2;31.8;20.0;22.4;26.0;25.0;6.8;6.4;10.9;10.8;6.2;9.5;2.88010892048;2.60072386814;2.94221489938;1.57096850208;1.51708892308;1.37303361971;26.4446364517;23.1897878243;26.8722294143;1.83279658576;2.38399687913;1.76532893963
Hyde;5526.0;0.172819399204;0.184581976113;0.613825551936;0.293340571842;0.0119435396308;0.0808903365907;8.7;10.0;7.8;1.0;1.8;3.7;13.1;8.2;8.6;29.4;41.3;37.1;53.2;43.8;37.9;27.0;20.6;16.0;10.4;0.0;20.4;88.0;56.1;118.5;341.8;333.0;231.1;274.7;207.9;156.8;43.7;87.3;46.1;220.5;204.7;197.9;25.4;15.6;28.3;55.7;64.8;56.2;155.3;159.0;120.2;176.2;198.3;122.9;74.9;42.8;56.0;20.1;14.6;18.7;23.0;29.1;21.1;11.1;10.8;2.4;6.6;;4.1;1.72651933702;0.0;1.74276751481;0.0;0.0;0.0;37.9834254144;48.2553823311;57.5113279888;0.0;0.0;1.74276751481
Beaufort;47651.0;0.209964114079;0.221338481879;0.66166502277;0.252292711591;0.0082264800319;0.0778157856079;9.6;10.8;9.7;1.9;1.8;2.1;14.6;9.8;11.4;32.2;36.4;34.5;62.1;60.9;38.5;25.3;29.5;24.1;8.7;5.9;11.6;92.7;60.2;77.0;393.8;313.0;254.2;303.8;222.8;187.8;67.9;64.0;41.7;216.8;191.7;193.5;20.8;16.8;15.2;69.8;62.0;57.1;137.8;148.9;151.9;138.4;154.0;152.0;22.8;22.2;29.9;31.3;21.5;20.3;26.1;31.8;41.2;13.4;14.3;17.8;6.0;8.6;4.5;6.11140213026;6.96187844138;6.70620533562;2.83743670334;4.2193202675;3.77224050129;84.2500436529;84.1754393367;96.6112706163;2.18264361795;1.89869412038;3.35310266781
Cabarrus;196762.0;0.261193726431;0.127255262703;0.691139549303;0.172533314359;0.0355048230858;0.100822313252;8.6;8.8;8.6;1.6;1.4;1.6;10.7;8.4;8.9;25.5;33.0;32.8;50.0;44.4;25.6;30.1;28.9;19.6;7.4;4.8;5.5;65.9;42.6;43.2;313.3;236.9;216.0;235.5;180.6;156.0;62.1;45.7;46.5;201.2;182.2;167.8;15.0;16.9;13.2;63.0;54.7;47.5;149.8;190.9;133.6;153.2;159.9;162.7;20.7;18.1;21.7;17.0;14.2;9.6;33.4;39.1;34.5;10.2;12.7;14.0;4.3;5.5;4.7;9.39721624493;11.7617359175;10.1538783628;3.13240541498;3.32771064982;3.82078928085;96.627897475;105.396628685;108.761645556;1.70239424727;3.09821336363;3.82078928085
Anson;25759.0;0.198144337901;0.169804728444;0.45273496642;0.493148025933;0.0166931946116;0.0374238130362;9.4;11.4;11.6;2.4;2.0;1.5;11.2;8.2;10.8;32.5;36.5;32.1;63.1;61.1;45.9;25.7;22.6;26.1;10.7;6.7;12.7;99.9;68.3;107.3;394.2;342.4;304.7;267.2;210.8;205.0;84.8;78.2;52.4;186.2;182.7;192.4;19.6;14.4;20.9;50.7;59.5;55.7;151.1;158.8;112.0;123.4;137.8;163.3;47.0;30.8;32.8;29.0;29.4;24.8;31.3;30.6;27.9;7.5;14.4;9.8;12.7;12.4;13.9;4.7273873306;5.55709919422;3.40033247695;1.96974472108;1.58774262692;1.51125887865;50.819413804;53.5863136586;51.7606165936;2.3636936653;1.19080697019;1.13344415898
Guilford;517600.0;0.22695324575;0.141163060278;0.525038639876;0.342857418856;0.0539799072643;0.0781240340031;9.3;9.5;9.7;2.0;2.1;2.1;11.5;8.7;10.5;28.7;31.3;30.0;34.7;33.6;21.9;31.7;29.1;25.3;9.3;10.0;7.9;70.0;74.4;60.2;275.5;220.5;198.1;197.6;161.6;143.1;59.5;45.0;41.6;182.4;170.2;160.7;18.1;14.0;12.3;54.0;51.0;45.7;189.2;196.4;166.6;166.4;154.4;180.4;21.9;16.5;19.4;13.5;12.4;9.1;28.0;28.7;31.0;9.9;10.1;10.5;7.7;7.1;6.6;9.44084648363;9.91517483898;9.38952472607;5.38173857521;5.33570849386;5.44631475795;108.387302746;114.885786429;120.931612636;3.80826416127;4.66349325054;5.05589792942
Montgomery;27548.0;0.229744446058;0.189959343691;0.638993756353;0.186837519965;0.0192754464934;0.154893277189;9.4;8.5;9.2;1.4;1.7;1.6;11.5;8.2;10.1;28.1;31.8;29.6;80.2;69.3;59.6;36.3;26.9;24.1;9.3;8.6;11.2;95.4;64.8;65.0;337.1;228.2;206.9;255.1;172.3;155.6;65.2;44.8;36.6;186.4;150.9;154.4;21.7;13.2;13.6;55.9;52.7;48.9;142.2;135.1;152.1;148.3;146.8;125.8;41.4;22.2;30.5;28.1;32.0;23.5;30.5;32.3;25.9;11.4;12.5;9.5;11.1;7.7;8.7;3.61271676301;2.14377590396;3.23508267434;1.8063583815;1.07188795198;1.07836089145;35.7658959538;37.8733743033;34.8670021567;2.8901734104;2.85836787195;2.51617541337
Gaston;213442.0;0.229298825911;0.15384975778;0.749412018253;0.163866530486;0.0207691082355;0.0659523430253;9.0;9.9;9.7;1.8;2.0;1.9;11.0;8.3;10.8;26.5;30.7;32.5;58.6;57.1;34.2;29.8;27.2;23.8;8.8;10.2;7.6;66.4;80.3;56.4;349.8;292.1;254.9;267.4;227.3;194.9;59.6;47.8;45.1;211.9;198.4;190.6;18.4;17.8;16.8;71.3;64.4;63.5;158.4;163.7;119.7;140.3;146.1;156.5;29.9;25.0;23.0;17.8;15.7;14.0;36.3;37.1;40.4;15.9;16.8;14.7;6.4;5.4;5.0;8.14949390086;7.91238481208;7.49756803568;3.84116273034;3.81145365948;3.60642513109;71.3729561381;77.0010131712;86.4592972216;2.75110303659;2.60529743812;3.93859586685
Lincoln;81035.0;0.217942864194;0.162621089653;0.859110260998;0.0582587770716;0.0106743999506;0.0719565619794;7.7;8.4;8.1;1.6;1.2;1.3;10.6;8.3;9.4;31.3;38.2;37.0;49.9;44.7;25.9;25.9;26.2;22.5;6.2;6.6;5.9;75.1;62.0;43.8;348.8;329.7;256.8;257.7;259.9;195.7;64.1;55.0;48.4;190.8;179.0;165.0;18.4;14.8;13.9;59.8;58.8;50.6;149.2;171.5;121.2;133.6;149.3;153.8;22.6;23.3;23.2;25.2;21.3;16.5;22.9;29.2;36.0;13.5;12.6;12.7;5.8;5.4;3.6;5.24551945213;6.47138064925;6.10957332735;2.4770508524;2.90551784252;2.86775890876;39.4871047647;47.9410444016;59.5995112341;0.582835494682;1.18862093558;1.3715368694
Pamlico;12781.0;0.160707299898;0.271340270714;0.746107503325;0.202957515061;0.0133792348017;0.0375557468117;8.5;8.8;9.8;1.5;1.8;2.9;9.4;6.1;10.2;27.5;30.5;26.5;52.1;53.0;31.3;22.0;30.5;20.4;7.4;9.2;13.6;87.3;75.5;100.5;308.2;226.4;229.0;198.2;165.8;167.6;84.8;47.3;41.2;184.2;176.8;164.3;14.5;9.4;11.6;51.5;53.1;47.9;246.9;168.4;121.1;176.9;155.8;172.0;16.9;10.9;21.9;25.1;34.0;18.4;28.7;29.4;41.2;6.1;33.4;19.6;5.9;4.8;8.7;5.35536684263;3.89347453668;3.80604399787;3.06020962436;3.11477962934;3.04483519829;35.1924106801;40.4921351814;41.8664839766;1.53010481218;2.33608472201;2.28362639872
Jackson;41265.0;0.171186235308;0.181097782625;0.819483824064;0.026826608506;0.09993941597;0.0537501514601;6.8;6.7;7.3;1.8;1.1;1.9;9.2;7.1;9.3;24.0;28.4;26.1;26.3;29.5;20.6;28.1;22.4;31.4;5.4;7.6;7.8;62.0;75.0;62.1;255.7;228.4;191.5;200.5;184.1;152.3;47.4;30.7;27.1;172.0;176.8;159.3;18.4;14.6;16.4;46.5;49.7;41.2;128.8;148.7;117.4;119.9;121.9;132.3;34.5;18.7;25.5;16.9;12.0;7.8;33.3;43.3;40.6;14.2;17.4;16.4;4.2;2.5;3.2;10.6660678699;11.5792520856;9.74682618972;3.08754596233;3.68430748178;3.4113891664;84.4864849693;96.0551593463;82.1170106484;2.24548797261;3.15797784152;3.89873047589
Craven;103451.0;0.221892490164;0.177600989841;0.673023943703;0.21972721385;0.0350697431634;0.0721790992837;8.8;8.4;7.9;1.8;1.6;1.4;10.3;8.1;8.8;27.9;29.3;28.4;67.1;64.0;43.8;25.8;28.8;20.0;6.7;8.6;7.0;73.9;81.6;62.2;316.4;249.8;222.5;226.3;186.4;161.3;62.0;44.6;43.8;211.5;191.7;183.1;25.7;17.0;13.2;62.5;63.5;53.0;226.9;188.9;132.0;163.1;157.7;144.1;30.8;23.9;24.9;18.6;12.8;15.1;29.2;30.1;32.8;11.1;11.8;13.8;5.2;7.2;5.8;8.56036124724;7.77891912916;8.22809031764;3.85216256126;4.28837849428;4.30539609644;97.1601001562;101.724327074;105.625717566;1.92608128063;2.99189197275;4.20972062763
Chowan;14394.0;0.20584965958;0.230651660414;0.602681672919;0.344101709045;0.018202028623;0.0350145894123;11.1;12.0;9.8;2.5;1.8;2.1;13.8;9.9;10.6;30.3;35.7;35.9;47.8;54.5;40.1;31.3;32.8;29.3;7.9;4.4;10.3;64.0;59.0;64.3;351.9;268.5;249.0;235.1;188.2;172.0;85.8;57.2;55.9;204.2;209.1;177.9;20.3;18.5;14.2;56.4;62.2;52.1;188.9;140.0;144.7;134.8;149.4;150.6;34.2;29.7;27.5;29.2;17.9;13.9;21.2;31.8;34.4;9.6;6.5;12.5;13.3;7.0;3.4;10.3784681381;13.4970981239;9.56545504236;2.07569362762;3.37427453098;2.73298715496;96.8657026223;103.252800648;103.853511888;1.38379575175;1.34970981239;2.73298715496
Orange;141354.0;0.20272507322;0.115426517821;0.706191547462;0.123760204876;0.0847800557466;0.0852681919153;8.7;7.8;6.8;1.8;1.6;1.2;11.0;8.1;8.2;26.6;28.4;25.2;13.0;10.9;6.2;32.3;26.4;23.7;7.8;6.1;5.0;63.5;48.1;41.5;255.0;203.1;160.2;171.3;150.0;117.1;64.0;39.1;32.5;189.4;161.0;152.0;16.1;11.0;10.1;54.0;44.1;41.5;168.5;164.2;112.6;193.9;173.7;170.7;17.9;12.4;14.8;12.0;10.9;7.7;23.3;17.6;25.6;9.8;12.6;8.8;4.9;2.7;1.3;33.1179583753;32.4248333409;26.0839115863;11.7698626579;10.3547836077;16.3649746664;205.68849638;234.758816683;261.19642972;3.40920159745;4.9884358986;5.43117063166
Gates;11431.0;0.208468200507;0.179686816551;0.636777184848;0.330942174788;0.010935176275;0.0213454640889;12.9;11.2;10.5;1.0;2.9;1.5;13.9;9.5;12.4;27.7;29.8;26.9;48.1;35.6;29.2;19.8;24.7;18.9;10.5;11.8;3.8;70.6;73.6;31.3;362.2;251.7;241.2;251.4;180.5;184.2;68.8;43.4;33.2;211.6;222.2;153.3;14.8;24.4;13.9;69.2;67.8;47.0;183.3;118.9;113.9;120.2;201.1;103.3;55.9;51.1;39.4;35.0;33.4;23.1;21.8;20.9;26.8;5.4;10.6;10.2;15.3;3.2;3.5;2.75684616798;0.860363073217;1.67897918066;0.918948722661;0.0;0.839489590329;22.0547693439;21.5090768304;22.6662189389;1.83789744532;0.0;0.839489590329
Rockingham;91758.0;0.209071688572;0.187275223959;0.735641578936;0.192637154254;0.0107565552867;0.0609647115238;9.5;9.5;9.3;1.7;1.9;1.7;11.2;7.9;10.2;27.4;31.7;28.3;58.6;52.6;34.7;29.5;26.3;22.8;7.6;10.0;9.9;70.8;73.9;63.2;342.1;289.9;256.6;244.7;212.4;188.8;74.2;58.4;42.3;213.7;202.9;195.3;21.4;17.6;17.5;69.5;67.3;55.0;135.6;136.4;144.3;157.6;151.7;159.8;29.9;27.0;37.2;29.2;25.3;16.6;32.2;38.6;39.4;13.6;13.1;13.4;8.7;6.1;6.5;6.02844132497;5.65998715618;5.18677803832;2.90656992454;2.50345585754;3.24173627395;57.593144801;48.6541203618;55.0014587813;1.72241180713;1.95922632329;2.37727326756
Swain;14434.0;0.223222945822;0.188928917833;0.649577386726;0.0200914507413;0.282111680754;0.0482194817791;5.7;7.0;8.1;1.3;1.2;1.4;9.3;7.5;11.3;22.3;27.1;24.2;76.1;66.0;64.7;23.8;28.7;21.1;5.6;6.5;10.8;62.6;48.9;93.1;331.7;352.1;274.4;258.7;275.8;197.1;60.4;62.3;65.9;187.3;207.7;186.4;18.1;16.3;18.4;48.4;71.5;52.3;129.8;102.2;89.0;129.7;185.3;171.6;39.8;48.9;55.0;28.7;27.6;19.9;52.5;67.7;44.8;14.3;11.8;16.8;10.7;15.1;7.3;11.7881087453;13.7144507002;13.4852673454;3.68378398291;3.60906597373;4.7198435709;69.9918956752;96.0011549011;105.185085294;5.89405437265;7.21813194745;10.7882138763
Pasquotank;39829.0;0.221019859901;0.159506891963;0.556730020839;0.374425669738;0.0198096864094;0.0490346230134;9.1;10.8;9.2;1.6;2.4;1.8;10.5;9.5;9.9;29.6;32.0;31.5;52.7;42.1;25.2;26.5;31.6;19.0;7.6;10.8;6.1;66.3;83.5;52.0;330.5;269.5;302.0;241.7;210.8;245.8;62.8;49.5;44.2;215.5;202.2;191.0;20.2;14.4;18.9;62.2;65.8;52.9;208.0;169.5;163.9;139.2;168.4;161.0;29.0;20.0;18.9;14.3;8.8;12.7;19.2;30.4;21.5;7.2;10.4;11.1;4.3;5.6;5.5;9.81434530138;8.15093615899;8.81811997682;3.54406913661;2.87680099729;3.02335542062;127.041247512;101.886701987;112.116096848;3.54406913661;4.31520149594;5.29087198609
Yancey;17587.0;0.189458122477;0.239267640871;0.930516859044;0.0142150452038;0.00631148007051;0.048956615682;8.1;7.7;8.4;1.2;1.2;1.3;11.8;10.2;12.0;25.9;33.9;33.8;44.8;36.2;45.2;18.7;15.8;20.2;1.1;6.7;7.0;21.4;59.7;52.8;268.8;231.2;218.0;206.6;179.1;173.3;48.2;39.5;35.5;160.3;189.9;180.1;17.3;20.8;11.1;42.4;55.2;63.5;120.6;147.3;107.4;133.7;152.5;146.8;29.9;10.3;17.6;13.3;15.1;13.0;35.0;42.2;50.7;12.6;14.3;12.8;4.6;3.7;3.9;8.27312337985;5.92864072437;7.25973083152;2.20616623463;1.61690201574;2.23376333277;39.7109922233;40.961517732;53.0518791534;0.551541558656;1.07793467716;1.67532249958
Warren;20155.0;0.187993053833;0.225353510295;0.389729595634;0.514909451749;0.0559166459935;0.0394443066237;13.1;14.4;12.7;2.9;2.5;2.5;16.4;10.8;12.1;32.0;33.4;29.0;47.8;56.4;40.9;31.6;31.1;24.1;11.9;12.1;9.9;103.4;90.6;81.1;348.5;266.3;230.4;267.1;206.9;173.2;70.0;45.9;37.0;211.2;180.2;174.9;28.6;22.2;19.0;49.6;51.1;58.3;156.3;251.0;138.8;135.2;179.3;154.3;20.5;22.7;25.3;38.3;28.9;14.2;22.7;18.5;16.0;8.4;11.3;8.3;10.2;13.7;8.8;3.94360642808;1.00336126022;0.487471970362;2.46475401755;2.50840315055;1.94988788145;23.6616385685;23.0773089851;21.9362386663;0.98590160702;0.501680630111;1.46241591109
Person;39259.0;0.216740110548;0.179474770116;0.671565755623;0.273313125653;0.0117934741078;0.0433276446165;9.1;9.7;8.7;2.0;2.0;2.2;11.2;9.0;9.2;31.1;31.8;28.9;50.0;50.6;39.6;25.8;21.9;23.1;10.5;6.8;8.3;88.9;67.1;59.6;358.6;293.4;245.8;236.8;201.9;168.4;100.6;76.6;60.0;212.6;208.0;190.3;21.5;20.2;18.8;58.9;65.4;60.8;205.0;157.7;130.7;149.2;127.3;136.7;27.0;30.7;30.7;28.0;22.9;21.8;29.8;28.6;30.0;17.7;11.2;16.7;6.4;9.7;3.5;5.319997872;5.22547943774;5.60295428499;2.3939990424;2.61273971887;2.29211766204;49.7419801032;50.9484245179;54.7561441487;2.1279991488;3.13528766264;2.29211766204
Henderson;112655.0;0.195206604234;0.247570014646;0.846424925658;0.0372287071146;0.0167946384981;0.0995517287293;8.1;7.4;6.9;1.5;1.4;1.3;9.6;6.9;8.8;28.7;33.5;32.5;50.5;50.3;31.6;27.7;23.2;20.0;7.1;5.7;5.1;63.1;47.6;47.5;253.7;224.6;188.9;189.9;168.6;145.5;47.8;41.1;35.0;172.0;162.0;157.1;15.1;13.4;14.2;49.1;48.7;43.9;150.1;176.4;126.2;155.3;150.1;162.9;15.2;13.4;11.2;19.3;11.2;13.5;35.0;32.4;41.2;10.5;14.7;19.8;4.0;4.3;2.7;10.6879734357;9.88161070254;9.55841907355;4.66950295735;4.2756969386;4.86938330162;96.5030611186;95.7756114247;103.158786983;2.1791013801;3.70560401345;4.68903577193
Edgecombe;54150.0;0.230397045245;0.175512465374;0.37216989843;0.57595567867;0.00919667590028;0.0426777469991;12.8;12.7;12.2;2.8;2.3;2.5;13.9;10.5;11.6;26.7;33.4;32.1;71.5;65.4;52.3;34.1;29.6;24.6;12.5;10.9;8.7;84.1;89.6;73.8;406.4;327.4;307.2;267.6;218.5;192.1;106.3;81.4;95.3;221.9;202.6;189.7;19.4;19.7;16.0;60.5;59.4;51.4;190.4;194.4;155.5;164.4;177.1;146.1;31.7;31.4;28.9;20.0;19.5;17.4;20.8;26.1;33.0;9.8;10.1;8.1;13.5;11.5;14.6;4.27692136043;4.48002493231;5.58729700989;1.30167171839;1.36348584896;1.80235387416;50.7651970173;67.9795087555;63.9835625327;0.74381241051;1.94783692709;3.06400158607
Lenoir;58106.0;0.22619006643;0.182821051182;0.500843286408;0.409269266513;0.0116855402196;0.0782019068599;11.6;10.9;10.7;2.8;2.0;2.0;13.7;9.7;11.4;32.1;33.8;34.5;72.9;64.1;41.1;31.2;31.6;28.5;13.6;9.5;7.0;105.3;82.6;58.9;438.0;357.7;288.3;301.0;253.3;204.0;75.0;54.3;56.6;216.3;214.3;192.6;20.5;22.1;21.2;59.7;69.4;45.6;241.9;219.8;145.7;172.3;178.4;157.1;42.3;38.1;40.0;26.3;19.8;16.1;24.6;31.2;28.6;11.8;11.4;11.1;13.1;6.6;14.8;7.95383391718;7.68800670953;5.77936426993;4.39999323078;4.36818563042;3.56960734319;93.2460103908;111.650824713;99.9490056094;1.35384407101;2.62091137825;3.22964473908
Granville;58674.0;0.209445410233;0.159201690698;0.59099430753;0.320959880015;0.0119473702151;0.0760984422402;9.2;9.3;8.5;1.8;1.5;1.8;12.2;8.1;9.3;30.0;30.9;30.5;44.3;40.0;25.9;32.0;27.9;15.3;6.9;4.7;8.3;60.8;56.9;47.7;317.2;255.5;200.9;225.7;192.2;155.6;76.3;49.8;33.2;218.4;228.7;178.5;19.6;26.3;16.1;67.9;66.8;53.5;173.1;206.6;132.3;147.7;146.7;156.5;37.3;38.4;29.0;20.9;20.6;19.1;18.1;26.3;27.0;7.1;10.9;15.0;7.2;4.1;4.4;5.43620890039;6.96390953882;6.53999724632;2.62437671053;3.13375929247;3.61420900454;97.1019382897;99.4098086666;134.24204874;2.43692123121;3.48195476941;4.13052457662
Hertford;24184.0;0.195997353622;0.180119087;0.344483956335;0.602753886867;0.0184832947403;0.0342788620576;14.1;12.4;13.2;3.4;2.3;3.5;17.6;11.0;14.0;22.4;30.0;34.6;65.6;59.7;31.8;24.0;29.5;24.3;14.2;16.8;17.8;117.8;116.6;106.2;366.0;259.1;259.2;237.5;170.5;189.0;87.5;53.1;39.2;224.0;221.0;174.1;27.2;31.7;23.0;53.2;59.5;44.5;223.6;162.1;141.5;155.2;155.0;144.5;46.0;49.0;54.9;33.4;22.0;19.5;25.4;19.6;26.6;5.6;5.9;9.8;8.8;6.0;6.5;8.4054803732;8.34724540902;9.3579624054;4.62301420526;3.33889816361;2.03433965335;111.792888964;126.460767947;129.790869884;5.46356224258;2.92153589316;3.66181137603
Durham;300952.0;0.217177490098;0.114519923443;0.430218107871;0.380216778755;0.0556068741859;0.133958239188;9.5;9.4;9.0;2.2;1.8;1.9;11.0;8.8;10.1;27.2;30.8;29.2;46.8;42.7;27.1;31.3;27.5;28.3;6.5;6.8;7.0;73.9;74.5;73.2;264.3;216.3;184.2;186.1;154.0;130.8;59.5;44.4;37.0;202.7;184.4;167.0;18.5;14.1;14.4;62.0;50.4;41.0;202.8;204.8;125.9;169.7;158.2;186.4;28.6;24.5;21.0;13.1;11.1;7.1;23.6;25.2;22.7;9.8;7.8;8.7;11.5;9.5;10.2;21.8641253098;20.3239051952;16.5645074626;6.17536363712;6.72454534184;6.53682009371;203.369745725;217.101382852;238.78216646;9.59684889553;10.3685727059;12.286483841
Duplin;59159.0;0.24461197789;0.165012931253;0.523301610913;0.250156358289;0.00906032894403;0.217481701854;9.5;8.2;8.0;2.0;2.0;1.7;12.2;7.9;8.5;25.6;29.2;31.3;70.7;62.7;42.2;27.5;29.2;22.1;9.4;9.5;7.9;91.9;83.1;59.5;349.6;270.4;235.4;240.3;191.2;170.9;87.2;54.7;48.3;205.7;167.7;165.1;17.4;12.4;13.7;53.8;50.1;48.6;154.4;148.8;103.1;150.0;131.2;136.8;33.0;27.6;27.7;32.9;30.5;23.8;29.3;24.6;25.7;12.5;14.6;9.8;11.1;8.0;6.1;4.24538314583;4.84423908183;3.1600306024;2.12269157291;2.42211954092;1.66317400126;49.4008220606;53.1003130124;54.2194724412;0.578915883522;1.30421821434;1.99580880152
Halifax;52456.0;0.217248741803;0.190311880433;0.393606069849;0.531874332774;0.046572365411;0.0279472319658;12.9;12.7;11.8;3.0;3.0;2.4;14.9;12.0;12.9;27.4;32.4;33.4;74.8;62.8;47.7;28.6;25.1;25.1;12.5;13.3;11.4;100.1;93.3;91.7;394.4;319.0;270.3;273.5;238.8;190.6;86.7;53.4;50.2;217.9;216.3;193.2;19.7;21.9;20.3;61.1;61.4;49.4;164.6;182.8;139.4;145.4;165.0;168.4;39.6;41.8;45.7;29.2;26.8;23.2;21.4;25.1;35.7;12.0;12.9;9.6;12.9;10.5;13.8;7.19967689255;7.43036300042;7.5202105659;1.93162062971;2.17474039037;2.25606316977;73.5771858043;78.2906540532;82.910321489;1.75601875428;1.9935120245;2.44406843392
Graham;8616.0;0.213091922006;0.227599814299;0.880803156917;0.00928505106778;0.0754410399257;0.0344707520891;7.1;7.5;11.0;2.0;1.7;1.1;12.5;6.9;10.3;19.8;26.6;25.3;67.9;67.0;47.7;27.5;25.6;20.0;6.1;8.4;2.2;32.7;73.1;21.5;327.2;251.4;259.1;261.1;208.1;208.9;52.3;30.3;33.9;170.0;171.3;162.7;23.9;12.3;10.2;51.6;41.7;52.9;90.3;102.8;85.5;61.9;133.3;163.6;27.3;23.3;25.3;24.7;15.3;15.2;35.5;47.5;66.1;11.3;12.4;29.0;6.0;17.5;9.9;3.68686248003;4.80365077459;4.5305244082;1.22895416001;1.20091269365;2.2652622041;38.0975789603;38.4292061967;31.7136708574;3.68686248003;1.20091269365;1.13263110205
Lee;59660.0;0.249312772377;0.154039557492;0.589591015756;0.198709353;0.0178846798525;0.193814951391;8.6;9.6;10.4;1.9;1.6;1.6;11.4;9.0;11.2;25.3;26.0;26.2;75.8;70.6;41.2;29.8;31.0;25.8;8.2;6.8;8.9;85.4;70.3;65.9;321.9;276.9;246.4;241.8;207.3;182.8;63.6;50.6;44.4;203.2;175.5;186.6;21.3;16.4;19.5;64.1;60.4;51.3;148.6;139.8;109.7;129.7;148.8;144.6;36.0;27.2;24.2;30.7;26.7;24.1;24.7;29.2;29.4;10.1;9.4;11.8;14.5;11.6;9.4;8.70235952612;8.36548639328;7.43318579586;4.15339886474;3.92665687848;5.23701726526;67.0477245308;64.5337521767;70.7842011015;2.76893257649;3.07303581794;4.39233706119
Northampton;20426.0;0.187261333594;0.232595711348;0.386615098404;0.584989718986;0.00793106824635;0.020464114364;13.7;14.6;11.2;3.5;3.5;2.5;16.6;10.3;12.9;26.4;32.1;34.0;59.5;59.9;38.7;23.3;27.2;20.7;18.5;10.2;8.8;113.2;74.8;93.3;369.0;285.4;226.2;273.4;212.0;157.3;65.4;45.1;41.2;219.0;180.6;188.7;19.7;18.8;14.0;53.0;52.9;55.1;236.9;210.9;165.2;135.7;142.8;158.4;39.0;30.9;43.7;29.6;33.4;22.3;21.8;18.7;26.5;11.3;10.4;14.2;9.0;14.0;10.4;2.74977085243;2.38095238095;2.3548250365;0.458295142071;0.952380952381;0.4709650073;28.4142988084;31.4285714286;40.9739556351;0.916590284143;0.952380952381;1.4128950219
New Hanover;220358.0;0.192123725937;0.161913794825;0.778796322348;0.144846114051;0.0217736592273;0.0545839043738;9.2;8.4;7.8;1.9;1.6;1.3;10.9;8.3;9.1;27.4;27.8;25.8;29.8;29.0;17.6;29.4;27.6;25.4;4.7;4.8;3.6;41.6;47.3;36.5;299.6;241.8;219.1;218.7;184.5;157.8;59.6;39.8;46.6;191.8;180.3;161.4;16.5;15.3;10.3;60.3;52.1;49.3;163.3;114.7;100.0;165.3;157.6;152.5;23.4;16.7;16.7;10.9;10.2;10.5;25.4;28.3;33.0;11.6;13.2;14.7;5.3;5.0;5.7;11.9805533048;12.8285050412;11.615311931;7.17675656905;7.26433417998;7.37480122606;144.113902072;137.610188615;149.570187366;5.38256742679;7.93409548735;9.03413150192
Sampson;63724.0;0.247191011236;0.164349381709;0.524668884565;0.263260310087;0.0245119578181;0.18755884753;9.6;9.3;8.9;2.1;2.0;1.8;12.2;8.5;10.7;34.1;38.4;35.3;66.5;65.4;49.9;31.4;26.5;24.1;9.7;10.9;7.6;97.3;89.9;76.8;368.4;275.5;245.7;244.4;200.0;175.9;97.6;57.1;53.9;209.9;202.6;182.4;21.2;16.5;16.0;57.3;61.7;53.6;166.3;128.4;111.0;152.8;132.2;135.4;44.9;32.8;48.2;39.6;33.3;25.8;31.6;39.7;40.5;10.8;11.2;10.4;11.4;11.9;9.3;5.18892400585;5.65602213492;5.74552004721;1.57240121389;1.68152009417;1.552843256;52.8326807868;51.974257456;58.3869064257;2.35860182084;2.14011648348;2.0186962328
Wilson;81714.0;0.235675649216;0.167670166679;0.485045402257;0.397190199966;0.0149056465232;0.102858751254;10.2;9.3;11.3;2.3;2.0;2.6;12.2;8.1;11.5;25.4;27.4;28.9;68.5;61.5;40.5;29.7;26.4;26.8;12.4;9.8;9.4;100.1;71.3;56.5;345.2;255.4;240.9;241.9;190.1;178.6;73.9;43.5;45.4;202.6;215.4;186.1;15.8;19.8;15.0;58.0;59.7;52.7;141.8;165.7;108.8;149.1;167.0;143.6;33.5;32.4;27.2;22.4;22.1;16.8;25.3;30.0;28.6;7.9;9.6;10.2;14.3;8.8;8.6;5.63476255373;6.37324735698;6.38742169267;2.75186078205;2.74924395791;3.56221594399;81.1143725757;81.6025592962;93.1089546739;1.70353286508;3.24910649571;4.17639110674
Randolph;142799.0;0.233145890377;0.164377901806;0.804872583141;0.0637609507069;0.0182284189665;0.113138047185;8.1;8.4;7.9;1.4;1.6;1.3;11.2;8.6;9.5;28.5;31.2;31.8;60.0;53.8;38.6;27.4;28.6;24.7;7.3;7.6;6.4;61.8;58.9;47.3;300.2;253.9;244.0;220.0;193.4;184.4;63.2;44.7;45.7;198.8;189.7;170.1;20.3;17.3;13.3;62.0;65.6;56.9;157.8;159.6;140.4;146.4;136.1;156.1;23.4;21.8;22.9;22.3;19.7;17.3;23.8;35.0;36.7;13.4;16.9;16.8;4.9;5.3;3.6;5.3863231066;4.98263096951;4.61283626528;2.6931615533;2.52640443524;2.79565834259;35.7389816938;41.8962068845;53.9562060121;0.800669650981;0.982490613706;2.51609250833
Wilkes;68502.0;0.209599719716;0.202256868413;0.884864675484;0.0468891419229;0.00731365507576;0.0609325275174;8.6;8.6;8.8;1.5;1.5;1.6;11.3;9.1;11.2;30.5;35.4;35.3;56.9;50.6;44.5;29.3;23.3;23.1;7.1;7.1;9.4;67.2;58.6;64.9;295.0;237.2;210.6;210.8;173.4;163.4;63.4;49.1;35.7;195.1;181.4;175.5;20.3;14.1;17.7;62.2;58.3;55.1;131.2;165.0;133.3;142.1;136.2;125.8;23.5;22.8;24.4;22.9;27.1;18.0;40.8;53.1;45.2;14.7;17.0;15.0;5.1;5.1;6.8;5.62887911241;6.51533324449;5.8669490434;3.1106963516;2.66536360002;2.43263740824;61.3251566458;66.4860142449;69.2586179758;2.66631115851;1.77690906668;1.86025213571
Yadkin;37585.0;0.216176666223;0.188346414793;0.851217240921;0.0347745111082;0.00478914460556;0.109219103366;7.7;9.8;10.3;1.4;2.2;1.9;10.6;9.7;11.7;23.7;28.5;29.2;51.2;50.9;30.7;26.3;24.4;21.0;6.9;9.7;7.2;84.4;77.2;52.1;307.1;242.8;258.7;211.1;186.8;193.4;74.3;43.2;53.4;197.2;195.5;175.1;17.9;16.5;11.3;65.3;58.9;56.9;155.3;158.8;137.8;145.4;138.5;135.2;27.8;19.3;25.0;22.3;23.2;16.7;36.4;41.9;45.2;13.2;15.0;17.5;5.7;3.6;2.4;4.26393774651;3.94726454567;3.17107975266;1.59897665494;1.05260387885;1.84979652238;29.8475642256;32.6307202442;42.8095766609;1.06598443663;1.05260387885;0.528513292109
Stokes;46351.0;0.19706155207;0.197320446161;0.919225043688;0.0435157817523;0.00744320510884;0.0298159694505;9.0;9.9;8.8;2.0;2.0;1.2;12.7;9.1;11.4;23.2;28.7;26.5;41.9;32.7;23.4;26.1;22.5;18.3;7.8;9.8;6.5;58.5;68.7;64.5;333.1;276.3;242.3;218.0;176.6;148.3;90.4;62.3;64.8;215.7;177.4;177.4;20.1;13.3;14.5;71.7;59.7;58.9;158.0;111.2;125.4;141.4;128.4;130.8;17.4;19.0;17.8;21.2;22.1;18.9;31.8;34.3;40.1;14.1;18.7;18.4;7.0;2.0;4.6;2.58866166192;2.7778964913;4.4885222075;1.51005263612;1.49579041839;1.06869576369;29.7696091121;30.7705457498;43.1753088531;1.0786090258;0.854737381939;2.13739152738
Wake;1024198.0;0.247202201137;0.103017190036;0.61626755764;0.210312849664;0.0725748341629;0.100844758533;7.8;7.8;8.0;1.6;1.6;1.6;10.5;8.1;9.4;27.8;31.6;29.4;28.9;27.4;15.4;28.9;29.7;24.9;6.4;6.7;5.9;58.1;55.9;44.9;282.1;205.4;181.1;190.1;143.3;125.0;67.6;44.7;39.1;175.7;160.5;151.0;15.2;12.7;11.4;49.9;43.4;35.9;164.7;194.2;137.8;173.1;163.8;171.9;25.1;18.9;16.6;11.8;10.0;7.9;19.4;19.6;21.0;8.7;8.6;8.9;3.5;3.2;2.8;9.09296307231;10.0492153882;9.39805746415;6.47319169934;6.7218832028;7.17540672479;97.2226265079;103.494595046;113.639362231;2.56432647619;3.78666087091;5.17603596838
Cherokee;27178.0;0.177790860255;0.274192361469;0.925601589521;0.0195378615056;0.0238796085069;0.0309809404666;9.9;10.3;10.3;1.2;1.9;2.2;17.2;8.1;13.6;24.3;33.3;31.8;56.7;49.0;35.6;24.8;20.2;19.2;9.0;11.1;10.1;77.7;70.8;72.7;283.7;274.1;262.1;223.8;222.0;203.3;46.1;39.3;39.8;205.6;179.7;167.6;22.7;14.5;11.1;72.5;58.4;48.2;92.9;108.4;84.0;118.1;147.3;150.8;21.5;15.6;25.1;26.9;17.7;23.1;52.7;46.9;54.0;11.3;21.5;23.5;6.0;6.1;5.7;8.95150618822;4.85110829166;5.82856726531;3.50276329104;2.98529741025;2.91428363265;76.2824005604;78.7372191955;83.0570835307;2.72437144859;3.73162176282;3.27856908674
Alleghany;10837.0;0.178462674172;0.25154563071;0.871827996678;0.0210390329427;0.0106117929316;0.0965211774476;10.4;7.6;8.5;0.8;1.0;1.5;11.4;7.5;10.4;27.1;34.8;36.7;37.9;66.5;36.8;28.3;23.1;26.8;12.2;7.6;2.1;75.6;44.5;19.6;327.1;279.2;202.7;235.4;217.7;156.1;65.9;42.0;29.3;189.5;156.2;143.2;10.9;10.5;14.0;56.5;66.0;42.8;165.8;147.0;119.4;125.9;105.0;129.5;27.6;13.8;25.5;17.5;25.2;15.5;26.2;33.8;36.0;18.7;25.0;24.3;3.3;7.2;6.2;10.0806451613;7.1256791663;6.3068744932;1.83284457478;0.890709895787;1.80196414091;69.6480938416;44.5354947893;51.355978016;3.66568914956;0.890709895787;1.80196414091
Burke;88842.0;0.195898336372;0.189516219806;0.831025866144;0.0658697462912;0.0425474437766;0.0605569437878;8.6;8.1;7.7;1.6;1.7;1.0;10.5;7.9;8.5;28.2;33.4;33.7;58.2;54.2;37.3;27.0;29.5;21.2;7.3;8.7;6.9;62.2;66.1;51.1;312.4;261.1;249.6;230.6;197.8;189.9;67.1;46.4;48.6;195.4;187.1;182.1;18.4;19.0;17.0;65.1;60.9;56.6;169.1;141.6;106.7;151.2;154.8;164.5;24.6;21.4;22.3;23.8;16.3;13.5;35.1;43.1;47.3;17.1;16.1;16.5;6.9;4.6;3.5;7.89388835151;7.806488307;7.51146339002;3.55780883448;3.9032441535;3.36334181643;101.953459413;112.301910359;117.492740787;2.33481204763;2.45346775363;3.58756460419
Alexander;37325.0;0.207233757535;0.194722036169;0.879839249833;0.0621835231078;0.0132350971199;0.0447421299397;8.0;7.6;8.1;1.7;1.6;1.7;9.4;7.1;9.7;29.5;31.1;32.2;49.1;45.5;33.8;32.3;26.7;17.0;8.8;5.9;4.0;74.0;52.0;20.1;299.3;247.7;196.7;230.6;192.6;156.7;54.8;43.9;28.9;177.1;184.9;168.3;15.1;17.9;14.3;63.9;65.5;46.5;143.0;160.8;113.4;149.2;127.6;141.4;18.3;18.0;28.6;20.5;21.0;18.8;26.2;38.5;36.2;14.9;20.7;19.1;3.0;7.1;4.5;3.12811033698;2.94763920896;2.64326496088;1.99061566899;1.60780320489;1.58595897653;24.7405090289;31.8880968969;40.1776274054;1.42186833499;2.14373760652;1.05730598435
Alamance;158276.0;0.227488690642;0.1640615128;0.65752862089;0.19642902272;0.0218858197073;0.124156536683;9.2;9.2;9.7;1.9;1.7;1.9;12.0;9.6;11.0;27.0;31.5;29.3;47.2;44.0;27.1;33.2;30.1;20.0;9.4;7.0;8.8;72.5;61.4;62.8;302.5;249.8;223.7;207.9;180.6;164.2;68.8;51.8;41.8;194.1;186.1;175.1;16.3;15.2;15.7;59.7;56.2;49.5;184.5;174.1;138.3;156.6;142.7;169.9;27.1;22.3;22.9;18.5;12.5;12.4;26.3;30.4;31.1;8.8;10.5;11.2;5.6;5.2;3.8;5.90973953904;7.75136322888;7.51015797007;4.18005967396;4.38120530328;4.42906752081;57.5118555141;70.7059132791;77.9259126126;1.65760987071;2.02209475536;2.56757537438
Ashe;27020.0;0.182568467802;0.240562546262;0.927831236121;0.0105847520355;0.00832716506292;0.0532568467802;8.2;8.7;7.7;2.0;1.2;1.6;11.5;9.1;9.9;35.7;39.2;34.4;53.8;58.9;39.9;23.7;28.3;30.8;13.1;2.9;6.0;89.6;34.5;51.4;271.1;247.4;216.5;200.5;180.9;167.9;57.9;49.9;33.7;179.2;165.8;176.2;18.3;13.6;13.8;59.3;45.1;49.6;163.8;150.3;89.5;117.4;109.9;136.5;24.1;17.0;18.6;29.1;21.7;12.4;35.8;36.3;34.0;21.1;25.6;15.5;8.1;2.5;1.7;6.31911532385;6.03819156163;6.19352958321;1.9747235387;2.26432183561;2.91460215681;47.7883096367;49.8150803834;66.3071990673;1.9747235387;1.50954789041;1.4573010784
Brunswick;122765.0;0.167441860465;0.280169429398;0.823948193703;0.112263267218;0.0159410255366;0.0478475135421;9.6;8.3;8.4;1.8;1.3;1.6;11.6;7.5;9.2;29.8;32.3;30.1;59.3;50.1;32.4;26.2;22.7;20.0;7.2;6.6;6.1;65.3;64.7;57.9;305.1;236.1;212.3;226.5;179.0;159.8;52.5;39.6;39.9;194.8;167.4;167.2;18.0;12.7;12.1;60.6;53.8;52.2;142.1;91.4;95.8;150.2;144.0;131.2;21.7;17.6;16.7;29.7;29.6;17.6;30.7;36.5;42.1;11.3;13.9;15.6;6.8;6.1;4.4;4.53530977359;5.69375087506;5.51623470306;2.8644061728;2.80020534839;3.30974082183;48.8142551947;49.7503150231;57.2839757625;2.7450559156;2.42684463527;3.98866201606
Mecklenburg;1034070.0;0.243670157726;0.103058787123;0.492052762386;0.31770963281;0.062276248223;0.127961356581;8.5;9.3;9.3;1.8;1.7;1.7;10.4;8.7;9.9;28.0;32.5;31.1;43.7;41.5;23.6;29.4;28.1;23.5;8.0;6.2;6.0;74.1;59.8;50.3;269.6;208.1;182.5;187.9;148.8;132.0;59.8;42.6;38.7;181.5;170.5;150.1;17.2;15.2;12.4;49.7;47.7;37.3;154.8;176.1;144.9;165.0;160.0;169.4;22.3;17.7;16.9;11.1;9.5;7.8;19.8;19.3;21.1;9.9;9.0;9.6;9.1;7.8;5.9;9.80719445393;11.6385020879;10.5112618548;6.2220478721;6.42856743567;6.54363061945;116.270460341;115.524151848;115.475834461;2.85772553625;3.92422116508;5.86261928802
Buncombe;253178.0;0.192180995189;0.185991673842;0.846637543546;0.0684498653122;0.0191722819518;0.0657403091896;9.0;8.6;7.9;1.8;1.4;1.4;11.8;8.9;9.5;26.5;31.9;29.6;42.9;39.7;24.3;23.5;24.1;16.3;7.9;5.4;6.3;66.4;50.5;53.0;280.5;229.2;194.9;209.6;171.3;143.6;53.4;45.1;40.0;187.7;174.9;156.1;16.8;13.6;11.2;58.2;52.0;43.8;174.1;166.1;138.5;152.3;165.7;173.3;16.6;12.3;16.8;13.2;12.6;13.2;30.8;28.3;35.0;12.5;14.5;16.5;5.6;3.9;4.3;13.691128149;15.317856368;15.1626703811;6.07978911022;7.02972445216;6.72569893543;160.534278872;175.352571057;185.096010347;4.68747099337;6.07507051421;7.87981295393
Davidson;164622.0;0.224465745769;0.172516431583;0.815777964063;0.0960381965958;0.0193291297639;0.0688547095771;9.3;9.7;9.3;1.7;1.6;1.7;12.3;9.4;11.4;30.4;34.6;34.0;54.9;49.4;33.3;30.0;28.2;26.2;7.7;8.9;7.3;73.7;65.1;49.5;337.8;285.8;249.7;255.1;215.6;184.9;66.1;55.7;49.8;199.7;187.3;184.3;17.0;16.7;15.5;66.8;60.5;63.1;129.6;136.9;126.6;131.0;138.9;155.2;28.6;22.2;26.7;22.7;19.5;17.8;28.5;29.2;36.6;13.1;12.8;13.8;4.6;4.3;2.8;4.48351819724;4.62537581178;4.19570214163;1.88437721333;1.87515235613;1.58098921279;44.4453108248;47.9413952384;53.9360550671;1.03965639356;1.18759649221;1.39856738054
Catawba;155056.0;0.22708569807;0.166127076669;0.772785316273;0.0902448147766;0.0450030956558;0.0919667732948;8.4;8.9;9.0;1.5;1.8;1.5;9.4;7.5;9.2;25.2;27.7;27.5;54.9;51.4;34.6;28.1;26.8;24.9;7.1;7.6;6.2;66.2;62.6;53.3;297.0;251.5;240.0;209.8;184.5;180.3;66.6;53.1;46.5;195.8;195.8;172.8;20.0;20.5;16.5;59.9;59.9;49.8;144.2;150.9;110.7;154.9;139.6;154.4;30.5;23.2;21.8;18.9;19.6;14.3;29.6;32.5;38.7;14.2;16.6;16.3;5.8;7.1;6.5;8.93835225173;8.27846198912;9.11249438491;4.23395632976;4.45763337876;4.55624719245;110.754921134;119.528255028;132.131168581;3.09146017729;4.77603576296;5.32631714047
Harnett;128140.0;0.269697206181;0.114039331981;0.634048696738;0.216887778992;0.0259013578898;0.123162166381;8.6;8.9;8.3;1.8;2.0;1.5;11.0;8.9;9.5;32.4;33.5;28.7;54.7;45.8;29.9;31.7;28.0;25.3;8.2;8.8;8.3;85.2;81.4;65.9;347.4;277.8;257.3;250.7;216.1;195.4;73.7;46.4;47.4;213.3;190.7;185.8;21.5;16.9;15.4;66.6;62.8;58.4;173.9;149.0;115.7;144.7;149.2;154.7;33.2;24.7;26.7;24.0;24.4;18.9;25.1;28.3;28.9;10.4;9.8;14.1;5.3;7.2;5.6;4.68729742398;3.89849730649;4.05631114293;2.09432438093;1.77204423022;2.94281396644;36.3016226027;35.4408846045;48.1985206395;2.69270277548;2.74666855685;3.97677563032
Davie;41753.0;0.216104232031;0.195914066055;0.855339736067;0.0686178238689;0.0110411227936;0.0650013172706;8.9;8.3;8.5;1.8;1.1;1.5;12.2;8.9;9.9;24.2;27.4;28.3;43.1;34.5;26.1;34.5;26.1;18.5;10.1;5.0;6.3;82.0;38.9;43.4;278.6;208.1;193.5;209.5;157.5;139.3;54.3;39.1;42.2;170.2;171.0;175.3;16.5;13.4;10.7;47.9;60.5;51.4;127.5;146.1;125.0;136.1;138.4;165.4;24.4;13.6;15.8;23.6;20.1;16.5;25.2;34.0;25.5;13.3;17.5;17.4;2.2;4.9;3.9;3.69676005387;3.59195402299;5.06316906163;2.64054289562;2.15517241379;2.89323946379;31.4224604579;31.8486590038;51.8372070595;1.58432573737;2.15517241379;3.61654932973
Martin;23357.0;0.203836109089;0.214839234491;0.520272295243;0.432418546902;0.00864837093805;0.0386607869161;11.7;12.7;12.2;3.0;3.1;2.3;15.3;10.7;12.4;29.4;32.9;32.1;61.1;61.7;37.2;27.1;25.7;22.2;9.8;10.3;4.1;84.9;68.3;32.2;423.4;364.3;306.8;312.3;268.4;241.4;73.6;73.2;48.6;223.9;191.4;190.7;28.8;18.2;19.9;57.4;61.9;45.7;122.1;200.6;140.1;168.5;183.6;163.4;49.3;30.6;41.7;39.6;18.8;19.4;22.1;33.8;37.7;9.4;13.9;13.3;12.4;7.3;7.1;5.61572402728;5.44867764785;4.63861010374;2.00561572403;2.09564524917;1.26507548284;48.5359005215;66.2223898738;66.2056169351;1.20336943442;1.2573871495;1.26507548284
Macon;34201.0;0.189321949651;0.267916142803;0.900178357358;0.0189175755095;0.0132744656589;0.0676296014736;7.8;7.3;7.5;1.6;1.1;1.7;10.8;7.0;9.5;26.8;30.6;27.8;49.0;52.5;37.4;27.2;25.7;20.7;11.0;4.9;7.1;80.6;43.1;65.1;280.4;244.6;208.8;209.5;188.0;157.5;51.6;42.7;36.6;182.8;168.3;166.7;19.4;12.4;16.0;51.5;53.2;50.2;147.0;124.9;106.6;142.1;153.1;167.1;28.7;13.4;23.3;16.0;10.3;18.9;39.1;50.5;40.9;17.4;17.5;22.2;3.4;3.5;2.2;9.6971971972;11.0208816705;10.4566050889;3.75375375375;4.93039443155;4.35691878703;66.0035035035;60.6148491879;68.8393168351;2.5025025025;0.870069605568;1.45230626234
Jones;10013.0;0.187755917308;0.220613202836;0.629681414162;0.315789473684;0.0106861080595;0.0438430040947;11.6;10.6;9.8;2.6;3.5;3.0;13.6;8.5;10.6;33.6;32.6;33.1;51.0;46.2;28.1;25.6;25.7;21.1;4.3;18.7;10.0;48.1;80.6;60.7;375.7;352.2;279.6;258.5;259.4;197.1;65.4;60.8;58.4;195.2;184.8;182.0;22.5;12.7;20.2;62.0;71.8;62.5;201.1;143.6;138.6;137.0;135.5;125.0;20.9;25.9;18.6;31.1;20.1;19.3;28.7;20.8;25.5;9.6;6.7;13.3;6.6;3.7;6.1;12.6742712294;17.7287501231;8.59763087505;0.0;2.95479168719;1.9105846389;33.1480939846;52.201319807;38.211692778;1.94988788145;0.984930562395;0.95529231945
Onslow;186311.0;0.253935623769;0.0886957828577;0.680904509127;0.161466580073;0.0343565328939;0.123272377906;7.9;7.7;6.9;1.6;1.3;1.4;10.3;7.5;8.1;24.0;30.3;27.0;76.9;69.5;57.3;26.7;20.2;17.7;8.1;7.3;7.2;100.8;88.1;83.7;319.8;251.5;217.8;233.7;191.5;163.8;61.4;42.8;38.9;212.2;187.8;184.6;15.8;16.1;10.5;74.2;62.3;60.3;196.6;141.2;115.6;157.9;166.1;151.6;33.3;35.7;31.3;20.4;17.4;13.3;25.0;28.5;25.5;11.3;11.3;18.1;3.9;5.6;4.8;3.62915084127;3.73369295669;4.03718349517;3.37886457636;3.12069859067;3.15728452827;46.6158168405;50.8228056195;54.450218422;1.75200385441;2.340523943;2.58793813793
Watauga;52906.0;0.132121120478;0.146070388992;0.928817147393;0.0211507201452;0.0147620307716;0.0352701016898;7.3;6.0;6.7;1.1;1.1;0.9;10.4;7.1;9.0;32.8;34.3;33.0;9.9;10.5;6.2;25.9;23.4;20.6;8.6;6.9;3.9;59.1;62.9;37.1;264.9;207.0;171.9;201.5;164.2;134.9;51.1;33.0;28.1;165.9;159.8;132.1;14.9;13.4;6.9;40.3;43.5;34.1;162.7;155.7;98.1;162.9;180.6;143.8;13.1;17.7;17.7;15.2;13.1;8.4;23.4;36.7;40.1;15.3;15.7;16.6;3.3;2.6;1.1;11.3504748668;10.135730654;8.50291933564;5.09613157285;5.7288912392;6.80233546851;86.17095205;85.7130266173;94.6658352701;1.38985406532;2.42376167812;4.53489031234
Pender;57611.0;0.222318654424;0.174341705577;0.754907916891;0.167901963167;0.0124802555068;0.0647098644356;9.2;8.0;8.3;1.7;1.6;1.3;11.4;8.0;10.4;25.1;25.8;24.9;43.0;40.8;29.0;27.3;24.9;20.8;8.3;6.5;6.9;73.4;76.2;50.4;311.3;231.6;208.1;224.9;165.5;146.7;70.4;41.6;48.0;199.9;187.7;176.7;16.1;12.8;12.8;61.1;57.7;53.0;157.4;108.5;98.9;167.0;131.7;152.4;27.7;33.0;18.8;27.9;26.7;19.8;19.6;32.0;29.6;13.0;14.5;16.8;6.1;3.1;4.2;2.45426149041;3.0127855085;2.65331753135;2.23114680946;2.63618731994;3.53775670847;37.260151718;35.4002297249;47.2290520581;0.892458723784;0.941495471407;1.23821484796
Pitt;175842.0;0.220055504373;0.117093754621;0.563790220766;0.351275576938;0.0249769679599;0.0599572343354;10.9;10.9;9.6;2.8;2.4;2.4;14.4;10.3;11.6;27.6;28.8;28.0;32.5;29.3;22.4;27.5;26.8;25.8;10.8;10.9;10.8;98.6;91.7;86.9;332.7;266.2;233.6;235.0;192.6;169.2;72.6;51.8;48.9;209.1;178.9;171.1;20.9;16.3;12.8;55.5;46.4;46.2;191.2;170.7;126.3;153.2;167.6;154.2;34.5;31.2;27.3;19.4;16.5;14.2;25.0;27.2;31.4;11.7;6.8;11.5;6.4;8.7;6.2;16.5225962459;15.8915339745;14.7342108884;3.90018366319;4.22513006464;5.67582442783;179.833923088;206.148510169;222.217126084;5.03478254703;6.43228756109;7.56776590377
Polk;20366.0;0.171855052539;0.283757242463;0.884955317686;0.049739762349;0.00775802808603;0.0575468918786;8.8;8.5;7.8;1.7;1.5;0.9;10.0;6.5;10.7;26.9;27.9;31.1;36.2;29.5;24.3;18.4;21.7;18.2;7.1;9.5;4.3;78.7;61.6;27.8;256.8;212.3;165.7;192.9;159.1;122.0;58.0;37.8;36.3;168.4;162.4;149.3;15.4;21.5;11.8;41.0;43.1;40.7;109.4;123.4;86.8;168.5;144.9;122.5;14.5;20.1;13.0;18.1;18.6;12.6;35.6;37.5;33.3;18.0;16.6;16.9;6.2;2.4;1.8;6.25195373554;9.8216593435;5.78592092575;3.6469730124;3.10157663479;2.41080038573;82.3173908513;68.2346859654;77.6277724204;0.520996144629;2.06771775653;3.37512054002
Wayne;124132.0;0.240332871459;0.149574646344;0.549423194664;0.319192472529;0.0189475719395;0.112436760867;9.5;8.6;8.5;2.0;2.0;1.7;11.7;7.9;9.6;30.3;32.3;33.2;64.8;57.2;40.6;30.2;30.0;28.8;10.5;8.9;7.6;92.2;76.9;68.9;373.1;278.3;239.9;266.5;203.0;164.3;75.1;53.9;55.3;213.2;195.0;186.7;21.5;16.0;16.8;65.9;59.6;56.1;148.4;145.4;140.3;143.9;165.5;145.9;40.3;35.3;30.9;22.5;20.3;16.0;19.9;26.6;25.6;10.2;13.0;10.8;10.2;10.3;9.6;7.31847566607;6.60535977765;6.28575520564;3.74636254334;4.20341076759;3.97832607952;85.2950913938;90.5877912363;97.4689889482;2.17811775776;3.174004049;4.1374591227
Nash;93919.0;0.225247287556;0.170040140973;0.516636676285;0.400738934614;0.0164929354018;0.0661314536995;9.4;10.1;9.3;2.1;2.9;2.1;11.4;9.5;9.6;24.7;25.5;24.9;52.7;52.7;35.2;28.5;29.7;23.4;8.5;11.3;8.0;69.4;88.4;65.3;369.8;268.0;250.7;254.8;200.6;181.6;87.5;51.8;53.7;209.6;195.9;185.1;21.3;19.7;18.0;57.4;56.9;52.0;143.7;147.1;109.5;159.6;151.7;154.6;31.9;25.7;27.6;25.8;20.3;19.1;22.2;24.8;28.2;10.1;11.9;10.3;9.5;13.1;9.7;9.16661144612;8.66261715407;7.51124041259;4.96984957922;4.59223078047;4.44326897646;97.9612572615;106.664996765;120.074054483;3.20279195105;4.27912413635;4.33747685797
Rowan;139142.0;0.225021920053;0.167497951733;0.735787900131;0.165054404853;0.0158686809159;0.0832890141007;9.7;9.7;9.3;1.8;1.8;1.8;11.9;9.2;9.6;25.4;29.7;30.8;55.2;53.7;35.2;30.1;27.3;25.8;9.1;7.1;6.9;68.2;59.4;61.3;342.1;275.0;256.0;269.6;200.6;186.6;56.5;59.9;51.2;189.8;188.3;197.1;16.8;16.1;18.0;60.8;59.8;60.2;113.7;134.0;135.3;139.5;181.4;155.4;33.5;24.3;27.6;19.5;17.9;18.5;32.4;35.2;44.4;15.2;14.8;17.8;6.3;6.6;6.4;5.47551924941;5.7643860573;5.69533559224;3.55168816178;3.70059351827;3.5325499243;72.2176592895;79.3492648629;93.5765265662;1.997824591;3.34476721843;4.25347848028
Caswell;22941.0;0.191360446362;0.203042587507;0.621507344928;0.335600017436;0.00767185388606;0.0352207837496;8.4;10.5;9.4;2.2;1.5;1.9;9.3;7.8;10.4;26.3;32.6;30.4;40.9;36.8;30.5;28.5;22.6;18.3;8.1;13.6;7.6;70.2;75.1;89.6;349.2;266.2;218.3;249.1;211.0;169.6;74.1;36.2;37.6;222.2;182.8;198.7;20.5;12.4;24.0;74.5;53.6;57.6;158.3;188.9;147.6;157.0;167.9;155.0;56.0;25.9;27.9;26.1;24.5;20.7;29.2;39.3;31.3;10.0;10.6;10.4;4.3;4.8;4.4;5.00730231588;3.83566314354;2.54215744428;1.66910077196;0.852369587453;0.847385814761;20.4464844565;24.7187180361;25.8452673502;1.25182557897;0.426184793727;1.27107872214
Avery;17689.0;0.155068121431;0.208660749618;0.896828537509;0.0462999604274;0.00870597546498;0.0481655265985;8.5;8.2;7.4;1.0;1.5;1.4;10.8;8.6;10.9;32.0;33.9;33.7;36.1;25.5;22.1;21.8;19.7;9.8;4.8;6.8;11.5;48.2;57.5;69.7;325.3;235.2;206.7;242.7;192.5;166.4;50.5;27.2;31.5;191.3;180.7;141.1;19.3;13.3;13.5;57.0;58.3;37.4;156.2;161.4;91.1;134.8;139.3;150.1;21.2;7.1;11.9;10.1;10.6;10.8;36.3;38.2;35.6;17.8;18.3;18.4;6.3;2.4;0.7;6.03699028593;4.91776405661;3.91170718078;3.29290379233;2.73209114256;2.23526124616;72.9927007299;71.5807879351;52.5286392847;0.0;0.546418228512;0.55881531154
Camden;10309.0;0.233194296246;0.149481035988;0.810747890193;0.130274517412;0.0307498302454;0.0282277621496;9.8;8.1;7.5;0.9;1.8;1.3;12.4;7.7;10.6;28.5;32.9;34.6;34.6;29.1;12.1;13.0;18.8;23.8;2.2;9.9;2.2;29.4;62.3;73.6;301.1;239.9;232.1;229.4;175.9;191.6;47.7;46.6;31.9;260.0;161.9;157.2;22.9;15.6;9.4;87.5;38.9;34.8;193.8;179.4;155.5;155.0;244.2;167.1;10.6;28.4;17.2;14.6;19.0;8.9;17.7;31.9;25.2;13.6;11.7;23.0;4.7;1.6;;2.54712175242;1.03573278094;0.0;0.0;0.0;0.0;22.9240957718;25.8933195236;22.4368354307;0.0;0.0;0.0
Richmond;45437.0;0.232409710148;0.165701960957;0.582586878535;0.316658230077;0.0365561106587;0.0641987807294;9.2;10.0;11.6;2.1;2.1;2.2;11.8;9.6;11.4;34.9;38.8;35.0;77.4;79.7;51.2;31.3;29.3;23.8;12.2;6.5;9.9;84.6;53.8;74.9;441.2;373.7;331.7;348.5;272.4;238.2;75.0;74.5;60.4;207.5;226.0;194.7;23.4;19.8;14.2;66.2;66.9;56.3;154.6;146.5;135.3;122.6;148.2;151.1;40.0;43.0;56.2;27.9;21.6;18.9;30.5;30.8;41.4;14.1;16.6;12.3;11.2;10.7;8.3;6.65321715242;6.82914336933;5.70863980678;3.21929862214;2.34751803321;3.07388297288;74.0438683092;77.8949165564;80.7992095729;1.28771944886;1.92069657262;1.53694148644
Scotland;35509.0;0.230589428032;0.166126897406;0.454251034949;0.39406910924;0.123180038863;0.0284998169478;11.6;12.9;13.4;2.7;2.6;2.0;14.4;9.9;11.2;32.0;34.2;37.9;62.8;74.2;54.9;28.9;28.5;20.7;14.2;8.8;11.2;97.2;90.3;84.5;396.8;326.5;277.6;273.9;238.6;204.2;94.0;58.6;53.2;213.7;236.9;181.0;19.6;25.7;11.6;63.5;75.1;65.0;224.6;263.3;170.7;151.9;147.6;165.9;48.8;34.6;37.3;24.4;25.2;21.5;18.5;29.1;33.4;9.4;7.3;7.7;12.5;20.7;15.5;8.4057158868;9.20486233316;9.98391480393;2.52171476604;2.70731245093;2.49597870098;87.9798262819;90.9656983512;91.7965500028;3.64247688428;4.60243116658;6.10128126907
Johnston;185660.0;0.262668318432;0.126817839061;0.695540234838;0.157508348594;0.0131315307551;0.133819885813;7.9;7.9;7.9;1.5;1.6;1.5;10.6;8.5;8.9;31.6;32.3;30.6;55.5;48.9;31.3;28.9;25.2;22.0;6.9;6.8;6.4;66.2;60.9;48.5;376.7;302.7;259.2;292.4;246.7;205.0;60.8;42.1;40.6;196.7;184.8;179.4;17.4;15.3;14.3;63.5;58.7;55.9;154.4;144.7;117.6;145.2;138.5;139.2;26.0;22.8;17.9;28.0;22.7;17.8;22.9;33.1;28.8;13.1;10.5;12.2;6.1;5.6;3.5;4.69019819641;4.75474434334;3.77677063894;2.20297188013;1.90189773734;2.05500755354;36.8820130899;40.0587210926;49.4312627744;1.70552661687;1.66416052017;3.33244468142
Robeson;134197.0;0.257867165436;0.135397959716;0.27152618911;0.245079994337;0.400165428437;0.083228388116;11.4;11.1;11.8;2.2;2.2;2.4;10.3;8.5;10.8;32.7;32.3;31.5;83.6;75.7;50.8;28.3;26.4;24.7;10.7;14.5;11.5;107.3;124.8;97.0;411.2;310.6;281.7;307.8;238.3;218.1;79.4;50.9;48.1;221.7;193.5;191.7;19.5;17.6;18.7;69.6;59.8;57.5;193.2;218.7;158.8;136.6;131.3;108.4;56.6;52.3;46.5;44.1;39.4;34.4;23.0;26.6;37.6;9.9;12.4;13.0;20.5;23.5;21.3;5.89377067731;6.94116031792;6.88792890459;1.65025578965;1.98318866226;1.94658860347;59.3306248183;71.0134094064;70.077189725;3.30051157929;4.04265381154;4.26752116915
Stanly;60714.0;0.217149257173;0.178492604671;0.818542675495;0.116925256119;0.0240142306552;0.040517837731;9.8;10.0;9.2;1.8;1.8;1.9;12.2;8.9;10.3;34.7;37.0;33.3;50.1;50.8;34.1;30.3;24.7;25.2;12.0;7.6;6.7;96.4;67.8;46.6;350.3;299.8;285.2;263.2;232.8;231.7;72.7;54.2;42.3;193.5;187.6;180.5;15.6;14.2;15.4;56.8;58.9;56.0;129.8;142.4;121.5;154.1;150.9;148.6;31.3;25.6;22.6;26.9;18.5;16.8;26.5;37.9;31.9;14.5;17.1;18.6;6.1;5.2;4.4;7.89478104581;6.98916679147;6.06001048218;2.51961097207;2.32972226382;2.12919287212;66.8536777921;68.0611718503;85.9866352201;2.18366284246;1.49767859817;1.47405660377
Surry;72743.0;0.217684175797;0.196554994982;0.847641697483;0.040031343222;0.00951294282611;0.102814016469;8.3;8.4;8.5;1.3;1.6;1.5;10.7;7.6;9.1;24.7;27.3;30.0;56.9;50.8;36.7;25.3;23.5;23.8;6.4;10.4;6.3;71.0;71.6;51.2;320.8;274.6;226.0;241.3;204.8;168.9;62.2;52.7;39.6;199.0;200.4;191.7;12.6;18.4;17.9;59.7;67.2;62.1;150.7;137.3;123.1;148.9;141.1;150.9;22.2;19.4;24.6;24.9;20.0;16.7;32.9;41.0;32.9;17.7;14.8;18.5;7.4;5.9;2.5;8.37797005906;10.6917132455;7.58458162906;3.15890674358;3.24811541637;3.65685185687;75.539074303;86.4810729608;92.7756859983;2.19750034336;4.19548241281;4.19860768752
Mitchell;15246.0;0.18463859373;0.239013511741;0.93303161485;0.00996982815165;0.00826446280992;0.0487340941886;7.6;9.0;9.3;1.8;1.5;1.3;12.0;7.9;11.6;31.6;39.1;34.2;45.1;55.8;36.5;18.0;16.4;31.8;12.3;2.5;1.4;109.3;51.9;14.0;292.8;305.9;229.7;209.9;236.6;182.0;68.9;56.0;35.6;200.4;197.1;172.1;19.2;18.3;12.1;66.3;59.6;61.2;112.2;139.1;102.3;114.2;118.5;125.6;24.5;14.8;23.1;11.8;21.5;15.4;50.8;47.7;53.8;21.5;9.3;18.5;3.1;2.8;1.7;11.2135559432;14.3983973958;11.3744075829;3.11487665088;3.75610366846;2.52764612954;90.3314228757;111.431075498;137.124802528;0.0;0.0;3.79146919431
Perquimans;13440.0;0.197767857143;0.252157738095;0.727678571429;0.239955357143;0.00840773809524;0.0239583333333;10.4;9.5;6.8;2.3;2.4;1.4;12.9;10.4;8.6;31.4;29.3;36.6;50.6;49.1;28.2;28.1;24.7;19.6;16.2;15.1;4.7;109.8;81.6;44.1;363.6;252.6;248.0;252.4;194.4;187.0;79.3;41.1;49.5;190.9;191.8;159.4;20.3;18.0;16.1;47.8;58.4;42.3;196.9;135.0;131.9;144.5;183.3;133.1;16.9;13.0;14.1;34.6;12.2;23.6;23.6;28.3;29.2;20.2;5.5;16.2;8.8;5.2;6.0;1.69405387091;1.5442822948;2.19973603168;1.69405387091;3.08856458961;1.46649068778;28.7989158055;32.4299281909;23.4638510045;0.847026935457;1.5442822948;2.93298137557
Moore;94352.0;0.211739019841;0.240259877904;0.781817025606;0.13189969476;0.0221722909954;0.0641109886383;8.2;7.5;8.6;1.7;1.4;1.5;11.9;7.7;9.8;28.6;28.4;28.5;51.8;43.3;28.1;31.2;26.5;19.7;8.5;6.6;5.0;72.8;58.8;35.9;255.5;194.9;175.6;187.4;141.2;127.3;55.8;40.8;36.2;193.6;168.1;157.5;19.7;12.1;10.2;58.8;50.7;44.7;176.6;157.1;136.2;163.2;168.8;165.1;15.9;14.7;13.1;28.2;20.4;19.2;25.8;27.5;24.2;11.7;15.7;15.6;7.7;8.7;5.6;9.0112640801;10.234826008;11.0659876663;5.38172715895;6.32489247683;6.98339027482;128.410513141;139.37763058;154.38664346;3.75469336671;5.05991398146;8.91725219708
Haywood;59868.0;0.183754259371;0.240261909534;0.937028128549;0.0148159283758;0.0108572192156;0.0372987238592;9.1;10.0;9.1;1.6;1.8;1.8;11.6;9.7;10.9;28.2;34.1;31.2;46.6;46.1;36.3;24.8;25.1;23.3;5.7;7.0;6.0;62.4;60.1;45.2;288.5;252.1;243.0;218.0;193.4;195.7;54.5;45.1;38.6;185.4;170.2;159.3;16.2;13.9;10.1;59.6;54.7;47.3;136.6;152.8;124.7;146.2;162.2;145.7;20.3;16.0;14.4;20.1;19.1;12.5;35.7;37.5;41.6;17.5;16.6;14.3;2.8;2.5;3.9;7.62168102379;7.06372861499;7.17707342313;4.07671310575;4.47943765829;4.17271710647;71.7856003403;74.4275795531;77.7794468646;1.94973235492;2.92886308427;2.67053894814
Franklin;63710.0;0.227060116151;0.156097943808;0.64440433213;0.264369800659;0.0106733636792;0.0805525035316;8.2;8.8;8.8;1.7;1.6;1.7;11.3;7.7;10.4;28.2;31.2;28.0;50.5;46.0;25.5;29.0;29.8;23.2;6.8;6.7;8.8;65.2;60.5;64.6;318.5;236.4;220.0;234.4;176.7;167.1;62.0;41.5;38.3;218.5;190.0;172.6;20.7;14.2;16.5;66.2;58.6;51.6;145.0;171.1;135.9;162.1;168.7;146.6;27.0;25.3;22.9;30.0;23.8;18.1;21.0;26.9;26.4;15.4;15.3;15.6;4.6;6.1;5.1;2.83795288998;2.70274835724;3.32147093713;1.13518115599;0.675687089309;1.10715697904;37.2717812884;35.4735721887;39.6994859628;0.378393718664;0.506765316982;0.632661130882
Caldwell;81287.0;0.209184740487;0.182452298646;0.887620406707;0.0527636645466;0.00938649476546;0.0502294339808;9.1;8.8;9.3;1.4;1.6;1.7;10.8;7.8;9.5;28.2;30.8;30.3;58.0;53.2;42.7;27.8;24.9;22.3;8.9;8.6;8.5;63.4;59.3;59.3;327.5;275.8;257.9;232.4;206.3;192.6;78.8;55.1;50.7;200.8;204.6;189.3;18.2;16.6;13.7;66.3;72.6;66.5;146.5;102.6;92.4;154.9;145.1;152.0;28.0;24.4;26.4;19.5;17.1;15.8;29.1;36.7;38.5;12.9;15.8;19.8;4.4;5.6;6.6;5.47032033178;6.11422368076;5.45818424404;2.67155178994;2.74516165259;2.30456668082;47.960715467;52.7819717747;56.0373582388;1.65381777472;1.24780075118;1.09163684881
Columbus;56694.0;0.221522559706;0.182576639503;0.606078244611;0.305041097823;0.0391928599146;0.0496877976505;11.4;11.9;10.8;2.8;2.7;2.1;12.6;8.8;10.5;28.8;30.5;33.7;67.7;60.9;45.7;27.7;23.1;22.5;10.5;12.7;9.3;103.5;110.5;71.6;438.2;362.2;346.8;354.1;265.0;287.2;67.2;72.5;46.6;202.9;203.1;172.4;17.2;11.1;14.2;71.2;59.5;58.8;156.4;146.1;129.7;119.1;142.0;116.2;27.9;32.8;20.0;39.1;41.1;32.4;35.0;42.3;36.9;13.6;11.4;11.3;16.9;11.5;16.9;4.9165103702;6.3944297412;7.28761799001;1.82092976674;1.77623048367;1.56163242643;81.5776535499;77.7988951846;88.6660188784;3.4597665568;3.1972148706;4.33786785119
Madison;21139.0;0.184871564407;0.203510099816;0.946591607928;0.0203415487961;0.00884620842992;0.0242206348455;9.1;8.5;7.6;1.1;1.4;1.8;11.5;8.6;9.5;25.7;32.4;28.7;44.9;31.6;26.0;22.5;24.3;19.1;2.8;7.5;9.0;38.3;57.6;64.8;284.7;239.7;246.1;209.6;179.6;188.6;62.0;49.0;50.9;202.6;192.0;145.0;14.1;13.1;9.9;64.0;65.7;51.7;145.7;141.2;102.8;130.8;150.5;160.3;10.0;14.8;15.3;24.1;20.5;15.6;29.8;34.9;38.6;17.4;15.6;15.3;6.8;2.1;4.4;6.43691820162;5.27679171064;4.63306152706;0.990295107942;1.91883334932;1.38991845812;31.1942959002;30.2216252518;45.8673091179;0.495147553971;2.39854168665;1.38991845812
Dare;35663.0;0.194066679752;0.193421753638;0.887502453523;0.0312368561254;0.0112441465945;0.0700165437568;7.8;7.0;6.3;1.3;1.3;1.6;9.1;6.0;8.7;34.6;39.4;35.7;38.1;26.1;21.5;25.7;20.4;18.7;9.6;4.4;5.0;93.1;64.9;29.0;244.4;228.2;204.2;178.6;180.4;164.8;50.9;33.9;27.3;217.1;172.2;153.2;14.2;15.5;9.6;70.9;52.9;43.2;142.2;135.9;120.8;131.5;178.5;166.7;15.9;12.7;9.5;23.1;13.8;13.0;46.4;31.2;40.9;12.1;12.4;18.4;3.2;3.3;1.3;7.66825930514;8.46641170116;8.18862064097;5.60372795375;6.13084985257;5.64732457998;67.2447354451;66.2715674539;72.0033883947;2.06453135138;5.25501415934;5.08259212198
McDowell;44989.0;0.205894774278;0.188579430527;0.887439151793;0.0423659116673;0.0123585765409;0.0578363599991;9.5;8.7;8.6;1.8;1.5;1.6;8.9;8.7;10.7;30.3;36.1;37.8;54.4;60.3;41.9;26.8;26.3;19.5;8.6;4.6;7.0;63.2;54.8;59.2;325.7;261.6;243.4;236.7;196.6;181.2;68.7;47.9;46.6;198.7;193.9;185.5;16.1;18.7;18.9;65.4;58.6;61.8;146.1;144.1;111.5;128.0;167.9;142.9;23.7;28.6;30.1;16.8;17.9;16.6;29.3;34.2;39.6;17.6;12.1;18.7;6.1;6.6;5.8;4.81132723899;5.58671702161;5.73698146514;2.06199738814;2.01121812778;2.20653133274;58.1941485096;54.5263581309;68.4024713151;3.43666231356;2.01121812778;3.53045013239
Currituck;25263.0;0.221113881962;0.152871788782;0.885128448719;0.0624233068123;0.0151209278391;0.0373273166291;9.8;7.6;6.2;1.4;2.0;0.7;10.6;7.7;7.9;29.4;34.4;34.2;38.0;32.7;24.8;20.9;18.8;18.9;6.8;14.1;6.6;73.2;73.9;43.5;311.0;251.3;247.2;201.9;196.9;205.4;68.7;34.2;26.6;207.5;193.9;192.8;17.3;16.7;15.8;71.1;66.9;64.8;142.5;148.0;110.0;119.6;130.2;135.0;25.8;9.9;13.7;25.0;30.6;8.6;26.3;27.6;35.0;12.4;20.0;16.9;2.1;1.2;3.1;1.89942542381;2.12747851247;2.39310784939;1.89942542381;2.12747851247;2.79195915763;22.7931050857;22.5512722322;25.9253350351;0.0;0.0;1.99425654116
Greene;21134.0;0.210892400871;0.150468439481;0.478849247658;0.363111573767;0.0102678148954;0.147771363679;11.5;11.6;10.3;3.4;2.9;1.9;15.3;11.2;11.3;26.1;27.1;26.1;71.2;56.4;42.9;30.1;27.8;23.0;16.0;12.1;5.6;131.6;100.6;42.8;336.5;320.8;249.1;213.0;215.3;183.4;71.0;67.1;50.4;203.9;183.2;175.3;22.9;16.7;15.7;60.9;64.0;54.5;178.9;178.2;140.3;157.6;159.8;107.6;49.8;26.9;29.9;33.4;21.5;18.9;24.7;22.9;25.6;7.9;8.0;4.1;5.8;7.6;10.4;2.46767347745;3.74024031044;6.10730057315;2.46767347745;2.33765019402;2.81875411068;31.5862205113;42.0777034924;39.4625575496;1.97413878196;2.33765019402;1.40937705534
Clay;10703.0;0.176118845184;0.292534803326;0.945622722601;0.0144819209567;0.00766140334486;0.0322339530973;6.6;6.7;7.3;0.5;1.4;0.7;11.1;6.3;8.5;23.8;31.3;26.0;35.2;35.3;28.7;34.1;20.5;8.3;7.1;12.0;7.3;45.3;81.6;51.5;228.6;240.0;184.9;154.0;189.5;140.7;53.1;38.7;33.0;174.0;162.9;147.7;14.6;15.8;11.2;59.1;45.3;42.1;108.2;149.6;137.0;124.0;179.7;130.6;16.9;19.1;13.1;29.6;21.8;23.4;34.5;48.1;36.3;18.6;18.6;10.7;4.8;;6.7;5.26371196968;4.82160077146;0.926440615157;3.15822718181;3.85728061716;4.63220307578;45.2679229393;47.2516875603;63.9244024458;2.10548478787;0.0;0.926440615157
Washington;12385.0;0.208639483246;0.220670165523;0.452644327816;0.487121517965;0.00605571255551;0.0541784416633;9.7;11.9;10.0;2.3;2.3;2.5;12.3;8.7;11.1;31.2;33.0;32.4;62.5;66.3;36.5;26.3;27.3;21.7;10.7;14.4;4.7;59.5;88.0;21.9;400.1;410.4;285.7;316.9;345.1;219.9;52.2;53.9;37.2;213.2;166.5;172.8;26.1;12.5;21.3;62.0;40.6;43.1;141.6;181.2;168.2;133.2;168.3;135.0;32.3;27.6;21.5;28.2;11.8;11.7;13.6;15.2;29.5;14.5;5.1;7.3;8.2;2.2;4.2;4.46594715296;3.84497077822;3.94352866945;2.23297357648;1.53798831129;1.57741146778;49.869743208;47.67763765;54.4206956385;2.23297357648;4.61396493387;3.94352866945
Vance;44568.0;0.240329384312;0.170727876503;0.410877759828;0.507516603841;0.00843654640101;0.07316908993;12.5;12.2;12.4;3.1;2.2;2.4;16.0;10.6;12.6;29.6;31.3;28.8;85.5;78.7;52.1;31.9;29.6;24.8;17.0;11.5;7.8;125.9;88.3;64.1;447.5;273.7;256.9;312.5;201.1;191.7;116.0;57.2;50.0;230.4;198.3;196.1;27.5;21.9;20.7;75.6;55.1;60.5;195.3;204.1;133.3;129.3;128.2;160.5;34.8;24.8;27.6;18.3;21.7;23.9;30.7;35.5;23.9;11.9;10.9;17.9;11.6;16.8;18.6;7.68952415415;8.25309491059;9.5392328682;2.26162475122;2.75103163686;3.77132462231;55.4098064049;69.4635488308;72.7643809482;2.71394970147;5.27281063732;6.43343612042
Tyrrell;4070.0;0.187714987715;0.196314496314;0.534643734644;0.368796068796;0.027027027027;0.0695331695332;9.8;12.2;12.1;2.7;2.0;1.0;13.3;9.4;8.7;29.8;36.2;35.4;47.0;56.4;33.6;22.6;20.5;13.3;8.9;7.9;9.7;67.8;74.1;78.8;329.7;311.9;239.4;236.9;247.4;172.1;80.4;41.2;43.9;277.2;231.7;185.7;34.2;25.7;6.8;72.9;53.8;47.1;198.9;149.7;100.1;95.4;134.9;212.6;35.0;21.4;23.7;23.8;32.9;32.5;7.8;21.0;22.0;0.0;6.9;16.8;10.7;;4.6;2.35515779557;0.0;0.0;0.0;0.0;0.0;25.9067357513;25.9006357429;31.378228337;2.35515779557;0.0;0.0
